Image,Class

image537.jpeg,Airplane
image481.jpeg,Miscellaneous
image232.jpeg,Miscellaneous
image371.jpeg,Miscellaneous
image128.jpeg,Snowman
image336.jpeg,Christmas_Tree
image542.jpeg,Miscellaneous
image77.jpeg,Miscellaneous
image510.jpeg,Snowman
image158.jpeg,Christmas_Tree
image17.jpeg,Christmas_Tree
image200.jpeg,Jacket
image421.jpeg,Miscellaneous
image451.jpeg,Candle
image344.jpeg,Miscellaneous
image334.jpeg,Miscellaneous
image516.jpeg,Christmas_Tree
image3.jpeg,Miscellaneous
image376.jpeg,Miscellaneous
image135.jpeg,Miscellaneous
image156.jpeg,Miscellaneous
image434.jpeg,Miscellaneous
image152.jpeg,Christmas_Tree
image590.jpeg,Christmas_Tree
image239.jpeg,Snowman
image70.jpeg,Miscellaneous
image172.jpeg,Airplane
image195.jpeg,Miscellaneous
image369.jpeg,Miscellaneous
image431.jpeg,Snowman
image191.jpeg,Airplane
image515.jpeg,Miscellaneous
image557.jpeg,Miscellaneous
image275.jpeg,Miscellaneous
image185.jpeg,Airplane
image470.jpeg,Christmas_Tree
image306.jpeg,Christmas_Tree
image343.jpeg,Candle
image288.jpeg,Christmas_Tree
image178.jpeg,Jacket
image540.jpeg,Christmas_Tree
image21.jpeg,Miscellaneous
image367.jpeg,Jacket
image500.jpeg,Miscellaneous
image290.jpeg,Miscellaneous
image377.jpeg,Miscellaneous
image8.jpeg,Christmas_Tree
image295.jpeg,Candle
image48.jpeg,Christmas_Tree
image168.jpeg,Miscellaneous
image361.jpeg,Miscellaneous
image405.jpeg,Jacket
image485.jpeg,Snowman
image466.jpeg,Miscellaneous
image606.jpeg,Miscellaneous
image140.jpeg,Miscellaneous
image539.jpeg,Jacket
image89.jpeg,Miscellaneous
image47.jpeg,Christmas_Tree
image155.jpeg,Candle
image179.jpeg,Miscellaneous
image381.jpeg,Christmas_Tree
image465.jpeg,Jacket
image348.jpeg,Christmas_Tree
image184.jpeg,Miscellaneous
image525.jpeg,Airplane
image209.jpeg,Miscellaneous
image416.jpeg,Miscellaneous
image555.jpeg,Christmas_Tree
image117.jpeg,Christmas_Tree
image556.jpeg,Airplane
image468.jpeg,Airplane
image175.jpeg,Candle
image58.jpeg,Candle
image528.jpeg,Christmas_Tree
image378.jpeg,Miscellaneous
image279.jpeg,Christmas_Tree
image488.jpeg,Christmas_Tree
image223.jpeg,Miscellaneous
image443.jpeg,Miscellaneous
image201.jpeg,Miscellaneous
image458.jpeg,Snowman
image600.jpeg,Christmas_Tree
image133.jpeg,Christmas_Tree
image226.jpeg,Miscellaneous
image294.jpeg,Christmas_Tree
image121.jpeg,Miscellaneous
image39.jpeg,Jacket
image163.jpeg,Miscellaneous
image103.jpeg,Christmas_Tree
image234.jpeg,Miscellaneous
image265.jpeg,Christmas_Tree
image202.jpeg,Christmas_Tree
image479.jpeg,Christmas_Tree
image24.jpeg,Miscellaneous
image183.jpeg,Miscellaneous
image332.jpeg,Miscellaneous
image259.jpeg,Snowman
image164.jpeg,Snowman
image88.jpeg,Miscellaneous
image186.jpeg,Christmas_Tree
image147.jpeg,Candle
image368.jpeg,Miscellaneous
image50.jpeg,Miscellaneous
image260.jpeg,Airplane
image53.jpeg,Miscellaneous
image321.jpeg,Miscellaneous
image149.jpeg,Candle
image547.jpeg,Jacket
image151.jpeg,Christmas_Tree
image96.jpeg,Christmas_Tree
image212.jpeg,Christmas_Tree
image20.jpeg,Christmas_Tree
image574.jpeg,Miscellaneous
image150.jpeg,Miscellaneous
image238.jpeg,Candle
image422.jpeg,Miscellaneous
image546.jpeg,Candle
image19.jpeg,Airplane
image291.jpeg,Christmas_Tree
image224.jpeg,Miscellaneous
image189.jpeg,Miscellaneous
image141.jpeg,Snowman
image432.jpeg,Miscellaneous
image205.jpeg,Airplane
image430.jpeg,Miscellaneous
image342.jpeg,Christmas_Tree
image604.jpeg,Airplane
image261.jpeg,Miscellaneous
image112.jpeg,Miscellaneous
image230.jpeg,Airplane
image403.jpeg,Airplane
image90.jpeg,Miscellaneous
image114.jpeg,Miscellaneous
image328.jpeg,Miscellaneous
image219.jpeg,Christmas_Tree
image173.jpeg,Miscellaneous
image98.jpeg,Miscellaneous
image595.jpeg,Christmas_Tree
image251.jpeg,Snowman
image509.jpeg,Miscellaneous
image34.jpeg,Miscellaneous
image337.jpeg,Jacket
image101.jpeg,Miscellaneous
image257.jpeg,Miscellaneous
image397.jpeg,Christmas_Tree
image411.jpeg,Airplane
image603.jpeg,Snowman
image446.jpeg,Christmas_Tree
image495.jpeg,Miscellaneous
image400.jpeg,Christmas_Tree
image439.jpeg,Christmas_Tree
image375.jpeg,Candle
image2.jpeg,Airplane
image435.jpeg,Miscellaneous
image524.jpeg,Miscellaneous
image42.jpeg,Miscellaneous
image236.jpeg,Christmas_Tree
image266.jpeg,Christmas_Tree
image602.jpeg,Candle
image518.jpeg,Miscellaneous
image95.jpeg,Christmas_Tree
image330.jpeg,Jacket
image493.jpeg,Christmas_Tree
image1.jpeg,Christmas_Tree
image373.jpeg,Miscellaneous
image167.jpeg,Miscellaneous
image573.jpeg,Snowman
image417.jpeg,Christmas_Tree
image134.jpeg,Miscellaneous
image413.jpeg,Miscellaneous
image247.jpeg,Miscellaneous
image351.jpeg,Miscellaneous
image521.jpeg,Miscellaneous
image339.jpeg,Airplane
image475.jpeg,Christmas_Tree
image4.jpeg,Miscellaneous
image278.jpeg,Miscellaneous
image445.jpeg,Miscellaneous
image159.jpeg,Christmas_Tree
image115.jpeg,Miscellaneous
image530.jpeg,Airplane
image310.jpeg,Miscellaneous
image319.jpeg,Jacket
image538.jpeg,Snowman
image76.jpeg,Miscellaneous
image38.jpeg,Airplane
image242.jpeg,Jacket
image358.jpeg,Jacket
image350.jpeg,Christmas_Tree
image346.jpeg,Airplane
image282.jpeg,Miscellaneous
image395.jpeg,Miscellaneous
image471.jpeg,Candle
image67.jpeg,Miscellaneous
image249.jpeg,Candle
image409.jpeg,Miscellaneous
image16.jpeg,Airplane
image385.jpeg,Miscellaneous
image511.jpeg,Miscellaneous
image586.jpeg,Candle
image503.jpeg,Snowman
image463.jpeg,Miscellaneous
image161.jpeg,Snowman
image565.jpeg,Jacket
image80.jpeg,Miscellaneous
image490.jpeg,Jacket
image426.jpeg,Candle
image598.jpeg,Jacket
image512.jpeg,Christmas_Tree
image544.jpeg,Snowman
image514.jpeg,Airplane
image365.jpeg,Miscellaneous
image71.jpeg,Miscellaneous
image309.jpeg,Jacket
image46.jpeg,Jacket
image407.jpeg,Miscellaneous
image210.jpeg,Christmas_Tree
image496.jpeg,Candle
image325.jpeg,Christmas_Tree
image552.jpeg,Jacket
image63.jpeg,Airplane
image51.jpeg,Candle
image132.jpeg,Miscellaneous
image41.jpeg,Snowman
image355.jpeg,Christmas_Tree
image18.jpeg,Miscellaneous
image347.jpeg,Snowman
image109.jpeg,Miscellaneous
image441.jpeg,Jacket
image237.jpeg,Airplane
image106.jpeg,Christmas_Tree
image177.jpeg,Airplane
image194.jpeg,Snowman
image424.jpeg,Jacket
image315.jpeg,Jacket
image190.jpeg,Miscellaneous
image268.jpeg,Miscellaneous
image363.jpeg,Miscellaneous
image437.jpeg,Miscellaneous
image287.jpeg,Miscellaneous
image331.jpeg,Airplane
image99.jpeg,Miscellaneous
image130.jpeg,Jacket
image123.jpeg,Christmas_Tree
image384.jpeg,Airplane
image311.jpeg,Christmas_Tree
image587.jpeg,Miscellaneous
image6.jpeg,Miscellaneous
image316.jpeg,Miscellaneous
image56.jpeg,Miscellaneous
image303.jpeg,Miscellaneous
image379.jpeg,Airplane
image399.jpeg,Jacket
image170.jpeg,Jacket
image388.jpeg,Christmas_Tree
image174.jpeg,Miscellaneous
image220.jpeg,Miscellaneous
image256.jpeg,Miscellaneous
image162.jpeg,Airplane
image28.jpeg,Jacket
image102.jpeg,Snowman
image396.jpeg,Miscellaneous
image131.jpeg,Christmas_Tree
image433.jpeg,Miscellaneous
image415.jpeg,Airplane
image459.jpeg,Airplane
image550.jpeg,Airplane
image240.jpeg,Miscellaneous
image197.jpeg,Christmas_Tree
image545.jpeg,Miscellaneous
image270.jpeg,Miscellaneous
image14.jpeg,Miscellaneous
image40.jpeg,Miscellaneous
image401.jpeg,Miscellaneous
image442.jpeg,Airplane
image198.jpeg,Christmas_Tree
image54.jpeg,Christmas_Tree
image92.jpeg,Christmas_Tree
image22.jpeg,Christmas_Tree
image584.jpeg,Miscellaneous
image391.jpeg,Miscellaneous
image166.jpeg,Jacket
image188.jpeg,Snowman
image68.jpeg,Miscellaneous
image78.jpeg,Christmas_Tree
image410.jpeg,Miscellaneous
image359.jpeg,Miscellaneous
image250.jpeg,Airplane
image561.jpeg,Airplane
image412.jpeg,Jacket
image277.jpeg,Christmas_Tree
image532.jpeg,Miscellaneous
image564.jpeg,Miscellaneous
image501.jpeg,Miscellaneous
image231.jpeg,Miscellaneous
image482.jpeg,Airplane
image193.jpeg,Miscellaneous
image352.jpeg,Miscellaneous
image504.jpeg,Miscellaneous
image588.jpeg,Candle
image111.jpeg,Candle
image354.jpeg,Airplane
image181.jpeg,Miscellaneous
image5.jpeg,Jacket
image383.jpeg,Jacket
image513.jpeg,Airplane
image566.jpeg,Miscellaneous
image420.jpeg,Christmas_Tree
image484.jpeg,Christmas_Tree
image124.jpeg,Jacket
image578.jpeg,Miscellaneous
image317.jpeg,Candle
image464.jpeg,Miscellaneous
image93.jpeg,Miscellaneous
image307.jpeg,Miscellaneous
image562.jpeg,Airplane
image84.jpeg,Miscellaneous
image356.jpeg,Christmas_Tree
image83.jpeg,Jacket
image91.jpeg,Airplane
image449.jpeg,Snowman
image283.jpeg,Christmas_Tree
image529.jpeg,Jacket
image169.jpeg,Miscellaneous
image548.jpeg,Miscellaneous
image486.jpeg,Jacket
image138.jpeg,Miscellaneous
image104.jpeg,Miscellaneous
image31.jpeg,Christmas_Tree
image467.jpeg,Christmas_Tree
image36.jpeg,Christmas_Tree
image473.jpeg,Christmas_Tree
image372.jpeg,Miscellaneous
image23.jpeg,Christmas_Tree
image554.jpeg,Christmas_Tree
image453.jpeg,Snowman
image567.jpeg,Miscellaneous
image116.jpeg,Candle
image271.jpeg,Airplane
image594.jpeg,Airplane
image79.jpeg,Christmas_Tree
image208.jpeg,Candle
image73.jpeg,Airplane
image264.jpeg,Airplane
image235.jpeg,Christmas_Tree
image272.jpeg,Christmas_Tree
image605.jpeg,Snowman
image549.jpeg,Miscellaneous
image419.jpeg,Miscellaneous
image29.jpeg,Candle
image477.jpeg,Christmas_Tree
image122.jpeg,Miscellaneous
image81.jpeg,Candle
image85.jpeg,Jacket
image154.jpeg,Jacket
image599.jpeg,Miscellaneous
image499.jpeg,Candle
image450.jpeg,Miscellaneous
image72.jpeg,Miscellaneous
image207.jpeg,Miscellaneous
image120.jpeg,Snowman
image296.jpeg,Airplane
image551.jpeg,Miscellaneous
image478.jpeg,Miscellaneous
image314.jpeg,Miscellaneous
image221.jpeg,Jacket
image9.jpeg,Airplane